{"name":"FreeFormKoreanSlot","identifier":"FARKMESPDU","description":null,"slotTypeValues":[{"synonyms":null,"sampleValue":{"value":"임시"}},{"synonyms":null,"sampleValue":{"value":"공백"}},{"synonyms":null,"sampleValue":{"value":"문의"}},{"synonyms":null,"sampleValue":{"value":"주문 취소"}},{"synonyms":null,"sampleValue":{"value":"재생"}},{"synonyms":null,"sampleValue":{"value":"상담사 연결"}},{"synonyms":null,"sampleValue":{"value":"기타"}},{"synonyms":null,"sampleValue":{"value":"hello"}},{"synonyms":null,"sampleValue":{"value":"안녕하세요"}},{"synonyms":null,"sampleValue":{"value":"테스트"}}],"parentSlotTypeSignature":null,"valueSelectionSetting":{"resolutionStrategy":"ORIGINAL_VALUE","advancedRecognitionSetting":null,"regexFilter":null}}